product_id,sku,department,category,unit_price,cost_price,supplier_id,product_status
1,SKU-000001,eletronicos,eletronicos_cat_1,440.48,190.63,1030,active
2,SKU-000002,casa,casa_cat_2,221.03,165.6,1059,active
3,SKU-000003,mercado,mercado_cat_3,63.73,35.17,1059,active
4,SKU-000004,eletronicos,eletronicos_cat_4,167.94,93.96,1051,active
5,SKU-000005,casa,casa_cat_1,13.07,5.95,1055,discontinued
6,SKU-000006,esportes,esportes_cat_2,75.35,57.21,1005,active
7,SKU-000007,eletronicos,eletronicos_cat_3,51.41,39.2,1039,active
8,SKU-000008,mercado,mercado_cat_4,91.63,54.7,1047,active
9,SKU-000009,eletronicos,eletronicos_cat_1,98.78,12.77,1055,active
10,SKU-000010,mercado,mercado_cat_2,94.95,44.88,1009,active
11,SKU-000011,esportes,esportes_cat_3,77.54,44.25,1009,active
12,SKU-000012,casa,casa_cat_4,68.68,43.88,1010,active
13,SKU-000013,beleza,beleza_cat_1,47.21,28.24,1052,active
14,SKU-000014,eletronicos,eletronicos_cat_2,464.22,358.64,1049,active
15,SKU-000015,moda,moda_cat_3,64.65,47.53,1024,active
16,SKU-000016,eletronicos,eletronicos_cat_4,31.05,18.95,1018,active
17,SKU-000017,mercado,mercado_cat_1,149.75,105.38,1004,active
18,SKU-000018,eletronicos,eletronicos_cat_2,42.52,32.57,1025,active
19,SKU-000019,eletronicos,eletronicos_cat_3,109.88,57.69,1009,active
20,SKU-000020,mercado,mercado_cat_4,101.47,46.95,1036,active
21,SKU-000021,casa,casa_cat_1,30.77,22.99,1050,active
22,SKU-000022,beleza,beleza_cat_2,422.79,272.74,1053,active
23,SKU-000023,mercado,mercado_cat_3,124.07,52.93,1008,active
24,SKU-000024,casa,casa_cat_4,405.9,246.96,1035,active
25,SKU-000025,eletronicos,eletronicos_cat_1,141.22,95.3,1042,active
26,SKU-000026,moda,moda_cat_2,106.14,73.33,1056,active
27,SKU-000027,beleza,beleza_cat_3,68.47,34.97,1012,active
28,SKU-000028,beleza,beleza_cat_4,52.0,39.94,1043,active
29,SKU-000029,casa,casa_cat_1,150.46,70.27,1032,active
30,SKU-000030,mercado,mercado_cat_2,49.57,23.36,1054,active
31,SKU-000031,eletronicos,eletronicos_cat_3,302.86,150.62,1049,active
32,SKU-000032,mercado,mercado_cat_4,13.34,8.78,1022,active
33,SKU-000033,beleza,beleza_cat_1,326.19,191.62,1044,discontinued
34,SKU-000034,moda,moda_cat_2,102.64,59.09,1034,active
35,SKU-000035,mercado,mercado_cat_3,19.81,14.96,1036,active
36,SKU-000036,beleza,beleza_cat_4,60.59,43.33,1051,active
37,SKU-000037,mercado,mercado_cat_1,24.51,18.31,1010,active
38,SKU-000038,eletronicos,eletronicos_cat_2,98.6,75.38,1058,active
39,SKU-000039,mercado,mercado_cat_3,400.76,301.06,1025,active
40,SKU-000040,esportes,esportes_cat_4,76.89,48.53,1014,discontinued
41,SKU-000041,moda,moda_cat_1,112.51,50.32,1024,active
42,SKU-000042,casa,casa_cat_2,440.36,191.19,1054,active
43,SKU-000043,beleza,beleza_cat_3,251.55,141.9,1012,active
44,SKU-000044,mercado,mercado_cat_4,236.08,180.18,1040,active
45,SKU-000045,beleza,beleza_cat_1,116.47,51.87,1052,discontinued
46,SKU-000046,eletronicos,eletronicos_cat_2,154.07,110.05,1018,active
47,SKU-000047,mercado,mercado_cat_3,122.45,63.46,1026,active
48,SKU-000048,moda,moda_cat_4,46.61,25.31,1003,active
49,SKU-000049,esportes,esportes_cat_1,93.84,56.45,1046,active
50,SKU-000050,esportes,esportes_cat_2,120.46,84.79,1017,active
51,SKU-000051,mercado,mercado_cat_3,143.02,102.66,1003,discontinued
52,SKU-000052,casa,casa_cat_4,29.1,17.22,1023,active
53,SKU-000053,esportes,esportes_cat_1,98.78,31.83,1005,active
54,SKU-000054,casa,casa_cat_2,100.68,75.38,1005,active
55,SKU-000055,casa,casa_cat_3,110.82,79.19,1039,active
56,SKU-000056,beleza,beleza_cat_4,261.54,149.94,1015,active
57,SKU-000057,casa,casa_cat_1,161.13,113.92,1001,active
58,SKU-000058,moda,moda_cat_2,113.59,52.27,1060,active
59,SKU-000059,eletronicos,eletronicos_cat_3,196.39,83.59,1009,active
60,SKU-000060,eletronicos,eletronicos_cat_4,368.39,162.8,1014,active
61,SKU-000061,eletronicos,eletronicos_cat_1,113.41,67.32,1012,active
62,SKU-000062,casa,casa_cat_2,97.31,61.75,1051,active
63,SKU-000063,beleza,beleza_cat_3,117.49,76.81,1019,active
64,SKU-000064,casa,casa_cat_4,119.88,55.01,1043,active
65,SKU-000065,esportes,esportes_cat_1,163.39,70.36,1047,active
66,SKU-000066,eletronicos,eletronicos_cat_2,29.23,15.35,1014,active
67,SKU-000067,moda,moda_cat_3,44.28,19.75,1025,active
68,SKU-000068,mercado,mercado_cat_4,25.9,16.23,1004,active
69,SKU-000069,casa,casa_cat_1,180.17,91.73,1046,active
70,SKU-000070,casa,casa_cat_2,185.7,126.46,1001,active
71,SKU-000071,beleza,beleza_cat_3,320.15,205.75,1058,active
72,SKU-000072,eletronicos,eletronicos_cat_4,48.74,37.89,1039,active
73,SKU-000073,beleza,beleza_cat_1,32.79,17.38,1031,discontinued
74,SKU-000074,esportes,esportes_cat_2,112.76,82.18,1045,active
75,SKU-000075,casa,casa_cat_3,79.23,43.89,1022,active
76,SKU-000076,eletronicos,eletronicos_cat_4,63.84,35.73,1001,active
77,SKU-000077,moda,moda_cat_1,265.81,166.16,1004,active
78,SKU-000078,casa,casa_cat_2,34.5,15.77,1037,active
79,SKU-000079,eletronicos,eletronicos_cat_3,95.44,71.19,1002,active
80,SKU-000080,eletronicos,eletronicos_cat_4,150.99,94.72,1035,active
81,SKU-000081,eletronicos,eletronicos_cat_1,331.66,164.61,1027,active
82,SKU-000082,beleza,beleza_cat_2,128.14,97.42,1035,active
83,SKU-000083,beleza,beleza_cat_3,242.8,157.29,1038,discontinued
84,SKU-000084,eletronicos,eletronicos_cat_4,202.74,153.73,1033,active
85,SKU-000085,beleza,beleza_cat_1,362.04,261.94,1004,active
86,SKU-000086,casa,casa_cat_2,136.61,64.26,1013,active
87,SKU-000087,eletronicos,eletronicos_cat_3,183.37,81.98,1056,active
88,SKU-000088,casa,casa_cat_4,97.98,57.49,1036,active
89,SKU-000089,beleza,beleza_cat_1,450.95,220.28,1028,active
90,SKU-000090,esportes,esportes_cat_2,333.45,257.2,1056,active
91,SKU-000091,casa,casa_cat_3,273.5,174.9,1001,active
92,SKU-000092,mercado,mercado_cat_4,194.22,137.71,1015,active
93,SKU-000093,eletronicos,eletronicos_cat_1,50.92,36.99,1040,active
94,SKU-000094,moda,moda_cat_2,40.73,29.66,1001,active
95,SKU-000095,eletronicos,eletronicos_cat_3,216.4,131.69,1058,active
96,SKU-000096,esportes,esportes_cat_4,84.88,36.04,1054,active
97,SKU-000097,esportes,esportes_cat_1,206.87,134.87,1017,active
98,SKU-000098,eletronicos,eletronicos_cat_2,15.86,8.6,1009,active
99,SKU-000099,beleza,beleza_cat_3,140.43,108.14,1010,active
100,SKU-000100,casa,casa_cat_4,197.82,148.35,1039,active
101,SKU-000101,eletronicos,eletronicos_cat_1,160.71,120.92,1046,active
102,SKU-000102,mercado,mercado_cat_2,409.0,188.1,1014,active
103,SKU-000103,eletronicos,eletronicos_cat_3,199.81,145.82,1007,active
104,SKU-000104,eletronicos,eletronicos_cat_4,74.62,47.08,1027,discontinued
105,SKU-000105,beleza,beleza_cat_1,98.78,18.55,1029,active
106,SKU-000106,esportes,esportes_cat_2,84.64,56.54,1013,active
107,SKU-000107,beleza,beleza_cat_3,275.44,136.16,1059,active
108,SKU-000108,esportes,esportes_cat_4,117.72,52.69,1008,discontinued
109,SKU-000109,moda,moda_cat_1,24.61,17.63,1045,active
110,SKU-000110,eletronicos,eletronicos_cat_2,94.53,73.14,1003,active
111,SKU-000111,casa,casa_cat_3,39.52,24.54,1056,active
112,SKU-000112,eletronicos,eletronicos_cat_4,86.6,55.31,1002,active
113,SKU-000113,eletronicos,eletronicos_cat_1,21.93,11.9,1022,active
114,SKU-000114,esportes,esportes_cat_2,27.95,13.65,1024,active
115,SKU-000115,beleza,beleza_cat_3,148.12,110.1,1050,active
116,SKU-000116,casa,casa_cat_4,94.94,50.36,1027,active
117,SKU-000117,eletronicos,eletronicos_cat_1,272.67,209.65,1004,active
118,SKU-000118,moda,moda_cat_2,63.3,33.5,1045,active
119,SKU-000119,casa,casa_cat_3,105.62,69.78,1003,active
120,SKU-000120,beleza,beleza_cat_4,153.11,111.66,1029,active
121,SKU-000121,moda,moda_cat_1,72.87,47.38,1032,discontinued
122,SKU-000122,esportes,esportes_cat_2,133.87,101.49,1011,active
123,SKU-000123,eletronicos,eletronicos_cat_3,53.52,24.08,1049,active
124,SKU-000124,eletronicos,eletronicos_cat_4,98.78,127.39,1030,active
125,SKU-000125,mercado,mercado_cat_1,207.75,113.47,1002,active
126,SKU-000126,esportes,esportes_cat_2,66.41,31.07,1042,active
127,SKU-000127,mercado,mercado_cat_3,53.84,23.37,1039,active
128,SKU-000128,casa,casa_cat_4,101.97,49.87,1046,active
129,SKU-000129,casa,casa_cat_1,29.0,13.13,1038,active
130,SKU-000130,casa,casa_cat_2,37.51,26.55,1028,active
131,SKU-000131,eletronicos,eletronicos_cat_3,87.67,38.94,1016,active
132,SKU-000132,esportes,esportes_cat_4,124.6,74.34,1055,active
133,SKU-000133,beleza,beleza_cat_1,20.66,15.02,1047,active
134,SKU-000134,beleza,beleza_cat_2,85.75,53.42,1023,active
135,SKU-000135,casa,casa_cat_3,78.6,48.98,1001,active
136,SKU-000136,casa,casa_cat_4,29.33,21.93,1023,active
137,SKU-000137,casa,casa_cat_1,153.61,71.94,1023,active
138,SKU-000138,mercado,mercado_cat_2,144.6,96.73,1009,active
139,SKU-000139,mercado,mercado_cat_3,39.4,22.44,1026,active
140,SKU-000140,esportes,esportes_cat_4,66.28,30.72,1058,active
141,SKU-000141,eletronicos,eletronicos_cat_1,98.78,390.87,1039,active
142,SKU-000142,eletronicos,eletronicos_cat_2,82.81,49.69,1047,active
143,SKU-000143,beleza,beleza_cat_3,299.14,169.43,1020,active
144,SKU-000144,eletronicos,eletronicos_cat_4,99.49,60.84,1053,active
145,SKU-000145,moda,moda_cat_1,36.04,27.77,1056,active
146,SKU-000146,casa,casa_cat_2,50.12,30.9,1046,active
147,SKU-000147,eletronicos,eletronicos_cat_3,53.27,32.09,1060,active
148,SKU-000148,beleza,beleza_cat_4,88.3,45.02,1009,active
149,SKU-000149,moda,moda_cat_1,86.79,53.64,1010,active
150,SKU-000150,casa,casa_cat_2,70.37,47.6,1058,active
151,SKU-000151,mercado,mercado_cat_3,116.06,60.83,1055,active
152,SKU-000152,beleza,beleza_cat_4,20.78,13.06,1030,active
153,SKU-000153,moda,moda_cat_1,195.36,145.11,1011,active
154,SKU-000154,mercado,mercado_cat_2,351.81,161.96,1041,active
155,SKU-000155,casa,casa_cat_3,387.44,201.5,1002,active
156,SKU-000156,mercado,mercado_cat_4,262.67,161.83,1044,active
157,SKU-000157,mercado,mercado_cat_1,48.73,20.6,1009,active
158,SKU-000158,esportes,esportes_cat_2,177.46,98.98,1030,active
159,SKU-000159,beleza,beleza_cat_3,143.06,75.1,1013,active
160,SKU-000160,esportes,esportes_cat_4,98.78,35.59,1024,active
161,SKU-000161,casa,casa_cat_1,123.59,59.07,1023,active
162,SKU-000162,beleza,beleza_cat_2,323.7,221.2,1009,discontinued
163,SKU-000163,eletronicos,eletronicos_cat_3,35.0,24.8,1018,active
164,SKU-000164,mercado,mercado_cat_4,20.92,11.23,1060,active
165,SKU-000165,mercado,mercado_cat_1,102.13,64.38,1013,active
166,SKU-000166,mercado,mercado_cat_2,123.31,66.41,1001,active
167,SKU-000167,casa,casa_cat_3,48.51,24.24,1028,active
168,SKU-000168,mercado,mercado_cat_4,66.71,44.89,1058,active
169,SKU-000169,mercado,mercado_cat_1,90.64,49.56,1004,active
170,SKU-000170,moda,moda_cat_2,98.78,207.3,1017,discontinued
171,SKU-000171,eletronicos,eletronicos_cat_3,88.81,60.02,1002,active
172,SKU-000172,casa,casa_cat_4,666.94,291.55,1027,active
173,SKU-000173,casa,casa_cat_1,41.69,25.95,1004,active
174,SKU-000174,beleza,beleza_cat_2,122.78,81.97,1058,active
175,SKU-000175,eletronicos,eletronicos_cat_3,72.33,47.99,1057,active
176,SKU-000176,eletronicos,eletronicos_cat_4,211.54,164.49,1026,active
177,SKU-000177,eletronicos,eletronicos_cat_1,40.06,23.86,1024,active
178,SKU-000178,esportes,esportes_cat_2,242.57,174.78,1033,active
179,SKU-000179,moda,moda_cat_3,34.29,18.27,1042,active
180,SKU-000180,esportes,esportes_cat_4,181.43,123.54,1021,active
181,SKU-000181,moda,moda_cat_1,207.36,136.5,1040,active
182,SKU-000182,beleza,beleza_cat_2,40.47,23.32,1054,active
183,SKU-000183,eletronicos,eletronicos_cat_3,126.15,53.02,1049,active
184,SKU-000184,moda,moda_cat_4,33.17,17.99,1045,active
185,SKU-000185,casa,casa_cat_1,64.22,42.71,1014,active
186,SKU-000186,mercado,mercado_cat_2,39.53,17.49,1035,active
187,SKU-000187,eletronicos,eletronicos_cat_3,68.93,36.87,1023,active
188,SKU-000188,esportes,esportes_cat_4,306.47,141.98,1021,active
189,SKU-000189,casa,casa_cat_1,109.89,78.61,1007,active
190,SKU-000190,casa,casa_cat_2,36.27,18.8,1033,active
191,SKU-000191,casa,casa_cat_3,365.29,281.26,1034,active
192,SKU-000192,beleza,beleza_cat_4,44.36,19.53,1003,active
193,SKU-000193,moda,moda_cat_1,52.95,34.77,1007,active
194,SKU-000194,eletronicos,eletronicos_cat_2,183.33,119.1,1042,active
195,SKU-000195,eletronicos,eletronicos_cat_3,29.42,16.52,1038,active
196,SKU-000196,mercado,mercado_cat_4,34.29,19.58,1040,active
197,SKU-000197,beleza,beleza_cat_1,98.96,51.84,1006,active
198,SKU-000198,mercado,mercado_cat_2,112.82,76.34,1053,active
199,SKU-000199,eletronicos,eletronicos_cat_3,56.68,27.27,1012,active
200,SKU-000200,beleza,beleza_cat_4,116.1,55.08,1057,active
201,SKU-000201,mercado,mercado_cat_1,77.08,53.28,1004,active
202,SKU-000202,eletronicos,eletronicos_cat_2,57.51,44.36,1009,active
203,SKU-000203,esportes,esportes_cat_3,98.78,134.48,1057,active
204,SKU-000204,casa,casa_cat_4,48.54,35.45,1007,active
205,SKU-000205,eletronicos,eletronicos_cat_1,144.27,65.06,1016,active
206,SKU-000206,moda,moda_cat_2,51.59,34.94,1037,active
207,SKU-000207,mercado,mercado_cat_3,100.71,54.9,1021,active
208,SKU-000208,moda,moda_cat_4,208.33,100.0,1057,active
209,SKU-000209,moda,moda_cat_1,124.42,80.51,1056,discontinued
210,SKU-000210,moda,moda_cat_2,199.13,155.06,1029,active
211,SKU-000211,mercado,mercado_cat_3,43.02,32.46,1054,active
212,SKU-000212,moda,moda_cat_4,75.28,36.35,1008,active
213,SKU-000213,moda,moda_cat_1,121.23,82.95,1025,active
214,SKU-000214,casa,casa_cat_2,102.79,73.55,1016,active
215,SKU-000215,moda,moda_cat_3,101.7,46.28,1020,active
216,SKU-000216,beleza,beleza_cat_4,28.65,15.71,1002,active
217,SKU-000217,esportes,esportes_cat_1,70.24,35.32,1018,active
218,SKU-000218,esportes,esportes_cat_2,161.04,85.43,1031,active
219,SKU-000219,esportes,esportes_cat_3,82.15,55.85,1006,active
220,SKU-000220,casa,casa_cat_4,200.46,96.44,1053,active
221,SKU-000221,casa,casa_cat_1,74.85,45.27,1056,active
222,SKU-000222,beleza,beleza_cat_2,165.31,107.85,1052,active
223,SKU-000223,beleza,beleza_cat_3,166.65,126.54,1048,active
224,SKU-000224,esportes,esportes_cat_4,21.25,13.01,1010,active
225,SKU-000225,moda,moda_cat_1,80.95,41.01,1040,active
226,SKU-000226,eletronicos,eletronicos_cat_2,52.06,38.33,1004,active
227,SKU-000227,eletronicos,eletronicos_cat_3,96.81,46.05,1021,active
228,SKU-000228,eletronicos,eletronicos_cat_4,18.87,11.07,1020,active
229,SKU-000229,mercado,mercado_cat_1,245.61,140.25,1060,active
230,SKU-000230,beleza,beleza_cat_2,272.68,118.19,1013,active
231,SKU-000231,mercado,mercado_cat_3,96.53,63.23,1046,discontinued
232,SKU-000232,esportes,esportes_cat_4,526.76,310.6,1007,active
233,SKU-000233,moda,moda_cat_1,59.09,37.41,1029,active
234,SKU-000234,esportes,esportes_cat_2,85.53,39.25,1050,active
235,SKU-000235,casa,casa_cat_3,131.97,70.81,1027,active
236,SKU-000236,beleza,beleza_cat_4,66.31,49.58,1009,active
237,SKU-000237,mercado,mercado_cat_1,186.91,81.92,1016,active
238,SKU-000238,moda,moda_cat_2,171.48,119.97,1024,active
239,SKU-000239,beleza,beleza_cat_3,125.03,93.73,1038,active
240,SKU-000240,casa,casa_cat_4,59.8,30.78,1028,discontinued
241,SKU-000241,esportes,esportes_cat_1,26.54,12.04,1001,discontinued
242,SKU-000242,eletronicos,eletronicos_cat_2,129.29,69.38,1048,active
243,SKU-000243,casa,casa_cat_3,136.11,59.1,1022,active
244,SKU-000244,casa,casa_cat_4,98.78,110.39,1035,active
245,SKU-000245,casa,casa_cat_1,120.59,90.62,1043,active
246,SKU-000246,esportes,esportes_cat_2,102.4,51.66,1043,active
247,SKU-000247,mercado,mercado_cat_3,85.15,49.08,1033,active
248,SKU-000248,moda,moda_cat_4,98.78,11.59,1035,active
249,SKU-000249,mercado,mercado_cat_1,105.74,70.55,1017,active
250,SKU-000250,casa,casa_cat_2,123.03,63.33,1022,active
251,SKU-000251,casa,casa_cat_3,70.52,44.61,1015,active
252,SKU-000252,casa,casa_cat_4,59.5,38.02,1014,active
253,SKU-000253,mercado,mercado_cat_1,145.42,100.94,1037,active
254,SKU-000254,casa,casa_cat_2,276.92,171.29,1024,active
255,SKU-000255,beleza,beleza_cat_3,35.22,18.69,1043,active
256,SKU-000256,casa,casa_cat_4,92.82,62.96,1029,active
257,SKU-000257,beleza,beleza_cat_1,49.48,21.05,1044,active
258,SKU-000258,mercado,mercado_cat_2,59.31,42.63,1038,active
259,SKU-000259,eletronicos,eletronicos_cat_3,88.19,50.09,1046,active
260,SKU-000260,eletronicos,eletronicos_cat_4,248.7,132.17,1042,active
261,SKU-000261,beleza,beleza_cat_1,69.46,49.4,1034,active
262,SKU-000262,esportes,esportes_cat_2,122.55,87.86,1033,active
263,SKU-000263,beleza,beleza_cat_3,52.72,25.36,1036,active
264,SKU-000264,beleza,beleza_cat_4,178.86,133.34,1043,active
265,SKU-000265,moda,moda_cat_1,22.95,11.88,1042,active
266,SKU-000266,moda,moda_cat_2,53.0,31.93,1049,active
267,SKU-000267,eletronicos,eletronicos_cat_3,66.23,30.5,1023,active
268,SKU-000268,eletronicos,eletronicos_cat_4,39.5,21.53,1033,active
269,SKU-000269,esportes,esportes_cat_1,237.08,150.42,1031,active
270,SKU-000270,mercado,mercado_cat_2,150.13,92.72,1057,active
271,SKU-000271,eletronicos,eletronicos_cat_3,158.51,107.67,1002,active
272,SKU-000272,moda,moda_cat_4,12.32,6.79,1048,active
273,SKU-000273,esportes,esportes_cat_1,32.98,21.53,1041,active
274,SKU-000274,eletronicos,eletronicos_cat_2,51.57,21.88,1053,active
275,SKU-000275,moda,moda_cat_3,43.03,25.16,1004,active
276,SKU-000276,mercado,mercado_cat_4,35.35,25.34,1045,active
277,SKU-000277,mercado,mercado_cat_1,269.99,115.6,1037,active
278,SKU-000278,eletronicos,eletronicos_cat_2,31.59,16.79,1010,active
279,SKU-000279,beleza,beleza_cat_3,82.97,44.53,1011,active
280,SKU-000280,esportes,esportes_cat_4,156.59,93.36,1018,active
281,SKU-000281,casa,casa_cat_1,45.81,23.47,1014,active
282,SKU-000282,casa,casa_cat_2,43.23,21.38,1036,active
283,SKU-000283,beleza,beleza_cat_3,98.78,27.14,1042,active
284,SKU-000284,mercado,mercado_cat_4,47.83,33.36,1038,active
285,SKU-000285,mercado,mercado_cat_1,44.1,26.72,1022,active
286,SKU-000286,esportes,esportes_cat_2,215.47,134.72,1056,active
287,SKU-000287,casa,casa_cat_3,73.24,42.17,1018,active
288,SKU-000288,mercado,mercado_cat_4,53.98,26.3,1001,active
289,SKU-000289,mercado,mercado_cat_1,316.96,194.62,1042,active
290,SKU-000290,beleza,beleza_cat_2,336.42,239.5,1007,active
291,SKU-000291,eletronicos,eletronicos_cat_3,144.34,110.28,1036,active
292,SKU-000292,esportes,esportes_cat_4,215.59,124.44,1022,active
293,SKU-000293,casa,casa_cat_1,98.78,41.64,1002,discontinued
294,SKU-000294,casa,casa_cat_2,185.63,111.11,1013,active
295,SKU-000295,esportes,esportes_cat_3,43.6,22.86,1016,active
296,SKU-000296,eletronicos,eletronicos_cat_4,76.55,55.97,1032,active
297,SKU-000297,esportes,esportes_cat_1,579.95,392.05,1041,active
298,SKU-000298,casa,casa_cat_2,102.99,43.54,1045,active
299,SKU-000299,esportes,esportes_cat_3,20.67,10.04,1057,active
300,SKU-000300,esportes,esportes_cat_4,181.18,134.95,1047,active
