run_id,run_timestamp,dataset,rule,status,severity,observed_value,threshold,detail
qr_20251006_001,2025-12-31 23:59:59,customers,schema_columns,PASS,critical,7,7,
qr_20251006_001,2025-12-31 23:59:59,customers,pk_not_null,PASS,critical,0,0,
qr_20251006_001,2025-12-31 23:59:59,customers,pk_unique,PASS,critical,0,0,
qr_20251006_001,2025-12-31 23:59:59,customers,state_completeness,PASS,warning,0.99,0.99,
qr_20251006_001,2025-12-31 23:59:59,products,unit_price_positive,PASS,critical,1.0,1.0,
qr_20251006_001,2025-12-31 23:59:59,products,sku_unique,PASS,critical,0,0,
qr_20251006_001,2025-12-31 23:59:59,orders,pk_unique,FAIL,critical,2,0,
qr_20251006_001,2025-12-31 23:59:59,orders,customer_referential_integrity,FAIL,critical,0.9995000333311113,1.0,
qr_20251006_001,2025-12-31 23:59:59,orders,status_domain,FAIL,critical,0.9988334111059263,0.999,
qr_20251006_001,2025-12-31 23:59:59,orders,quantity_positive,PASS,critical,0.9991667222185188,0.999,
qr_20251006_001,2025-12-31 23:59:59,orders,channel_completeness,FAIL,warning,0.9970001999866676,0.998,
qr_20251006_001,2025-12-31 23:59:59,payments,order_referential_integrity,FAIL,critical,0.9995,1.0,
qr_20251006_001,2025-12-31 23:59:59,payments,payment_method_domain,PASS,critical,0.9993333333333333,0.999,
qr_20251006_001,2025-12-31 23:59:59,events,event_id_unique,PASS,critical,0,=0,
qr_20251006_001,2025-12-31 23:59:59,events,timestamp_freshness,FAIL,critical,0.9999833333333333,1.0,
qr_20251006_001,2025-12-31 23:59:59,events,customer_referential_integrity,PASS,critical,1.0,1.0,
